Overall,lm_preds
1,7.009543
2,5.500552
3,4.61532
4,4.202152
5,3.884726
6,3.627859
7,3.412782
8,3.228294
9,3.067168
10,2.92447
11,2.796682
12,2.681205
13,2.576066
14,2.479731
15,2.390984
16,2.308845
17,2.232513
18,2.161322
19,2.094717
20,2.032227
21,1.97345
22,1.918041
23,1.865701
24,1.816167
25,1.769211
26,1.72463
27,1.682246
28,1.641898
29,1.603443
30,1.566754
31,1.531713